﻿Designator,Footprint,Quantity,Value,LCSC Part #
J0,TerminalBlock_RND_205-00239_1x09_P5.08mm_Horizontal,1,PCF_PD_IO,
J1,TerminalBlock_bornier-2_P5.08mm,1,5V in,
J10,Molex_KK-254_AE-6410-03A_1x03_P2.54mm_Vertical,1,pH S,
J11,PinSocket_1x06_P2.54mm_Vertical,1,SD mem,
J12,PinSocket_1x08_P2.54mm_Vertical,1,MAX31865,
J14,TerminalBlock_bornier-5_P5.08mm,1,PWM_Out,
J15,Molex_KK-254_AE-6410-03A_1x03_P2.54mm_Vertical,1,ADC3,
J16,Molex_KK-254_AE-6410-03A_1x03_P2.54mm_Vertical,1,ADC2,
J17,PinSocket_1x05_P2.54mm_Vertical,1,ENC,
J18,PinSocket_1x04_P2.54mm_Vertical,1,Disp I2C,
J19,PinSocket_1x04_P2.54mm_Vertical,1,PCF8574_PU,
J2,Molex_KK-254_AE-6410-03A_1x03_P2.54mm_Vertical,1,YF-S201,
J20,PinSocket_1x04_P2.54mm_Vertical,1,PCF8574_PD,
J21,TerminalBlock_RND_205-00239_1x09_P5.08mm_Horizontal,1,PCF_PU_IO,
J22,PinSocket_1x09_P2.54mm_Vertical,1,PCF_PU_IO_PIN,
J23,PinSocket_1x09_P2.54mm_Vertical,1,PCF_PD_IO_PIN,
J3,PinSocket_1x06_P2.54mm_Vertical,1,LLC_L,
J4,PinSocket_1x06_P2.54mm_Vertical,1,LLC_R,
J5,PinSocket_1x02_P2.54mm_Vertical,1,AMS_L,
J6,PinSocket_1x02_P2.54mm_Vertical,1,AMS_R,
J7,PinHeader_1x10_P2.54mm_Vertical,1,ADS1115,
J8,PinSocket_1x06_P2.54mm_Vertical,1,DS3231,
J9,Molex_KK-254_AE-6410-03A_1x03_P2.54mm_Vertical,1,Turb S,
"Q1, Q2, Q3, Q4, Q5",TO-220-3_Vertical,5,IRLZ44N,
"R1, R11, R4, R7, R8, R9",R_Axial_DIN0207_L6.3mm_D2.5mm_P10.16mm_Horizontal,6,330R,
"R10, R2, R3, R5, R6",R_Axial_DIN0207_L6.3mm_D2.5mm_P10.16mm_Horizontal,5,10KR,
SW1,SW_PUSH_6mm,1,BTN,
U1,ESP32-DEVKITC,1,ESP32-DEVKITC,
